orderid,currentstate,quantity,price,stopprice,ioc,aon,quantityfilled,quantityonmarket,fillcost,buysell,orderbookid
46228749,submitted,0.03922883,7155.23,,,,,,,1,1
46228750,submitted,0.04197282,7161.56,,,,,,,1,1
46228751,submitted,1,7161.67,,,,,,,1,1
46228752,submitted,2.7,7161.72,,,,,,,1,1
46228753,submitted,1,7163.08,,,,,,,1,1
46228754,submitted,0.25,7163.2,,,,,,,1,1
46228755,submitted,2.7,7163.58,,,,,,,1,1
46228756,submitted,1,7164.7,,,,,,,1,1
46228757,submitted,5.2135,7165.5,,,,,,,1,1
46228758,submitted,1,7166.06,,,,,,,1,1
46228759,submitted,0.3,7166.1,,,,,,,1,1
46228760,submitted,0.855,7168.67,,,,,,,1,1
46228761,submitted,3.1,7169.42,,,,,,,1,1
46228762,submitted,0.3,7170.35,,,,,,,1,1
46228763,submitted,0.867,7170.87,,,,,,,1,1
46228764,submitted,0.16251028,7171.84,,,,,,,1,1
46228765,submitted,5.72,7173.06,,,,,,,1,1
46228766,submitted,2.5,7175.32,,,,,,,1,1
46228767,submitted,0.3,7176.35,,,,,,,1,1
46228768,submitted,4.16,7177.06,,,,,,,1,1
46228769,submitted,11.74,7178.66,,,,,,,1,1
46228770,submitted,4.802401474,7180,,,,,,,1,1
46228771,submitted,0.3,7180.35,,,,,,,1,1
46228772,submitted,4.17,7181.02,,,,,,,1,1
46228773,submitted,0.24762112,7181.81,,,,,,,1,1
46228774,submitted,0.74,7182.1,,,,,,,1,1
46228775,submitted,9.39,7183.87,,,,,,,1,1
46228776,submitted,5,7185,,,,,,,1,1
46228777,submitted,0.3,7185.05,,,,,,,1,1
46228778,submitted,0.098,7187.27,,,,,,,1,1
46228779,submitted,0.3,7189.05,,,,,,,1,1
46228780,submitted,5,7190,,,,,,,1,1
46228781,submitted,9.2938,7191.05,,,,,,,1,1
46228782,submitted,0.2616188,7191.31,,,,,,,1,1
46228783,submitted,0.3,7193.05,,,,,,,1,1
46228784,submitted,0.00488532,7194.44,,,,,,,1,1
46228785,submitted,7.66054311,7195,,,,,,,1,1
46228786,submitted,0.71,7195.05,,,,,,,1,1
46228787,submitted,0.24,7195.73,,,,,,,1,1
46228788,submitted,0.3,7197.05,,,,,,,1,1
46228789,submitted,8.6,7198.71,,,,,,,1,1
46228790,submitted,0.366823867,7199.21,,,,,,,1,1
46228791,submitted,0.05,7199.4,,,,,,,1,1
46228792,submitted,5,7200,,,,,,,1,1
46228793,submitted,0.15952709,7201.49,,,,,,,1,1
46228794,submitted,1.402,7205.02,,,,,,,1,1
46228795,submitted,0.05,7207.2,,,,,,,1,1
46228796,submitted,2.41,7207.38,,,,,,,1,1
46228797,submitted,11.8587,7208.29,,,,,,,1,1
46228798,submitted,0.15882836,7211.55,,,,,,,1,1
46228799,submitted,23.97,7220.62,,,,,,,1,1
46228800,submitted,2.696,7233.99,,,,,,,1,1
46228801,submitted,0.00488532,7241.93,,,,,,,1,1
46228802,submitted,0.05,7243.2,,,,,,,1,1
46228803,submitted,0.025,7263,,,,,,,1,1
46228804,submitted,8.951,7266.38,,,,,,,1,1
46228805,submitted,0.02746091,7283.08,,,,,,,1,1
46228806,submitted,0.00488532,7289.42,,,,,,,1,1
46228807,submitted,0.00007332,7295.44,,,,,,,1,1
46228808,submitted,0.00007332,7298,,,,,,,1,1
46228809,submitted,4.412,7298.77,,,,,,,1,1
46228810,submitted,6.45088164,7300,,,,,,,1,1
46228811,submitted,0.00342464,7300.04,,,,,,,1,1
46228812,submitted,0.00007332,7300.57,,,,,,,1,1
46228813,submitted,0.00007332,7303.13,,,,,,,1,1
46228814,submitted,0.004442,7303.48,,,,,,,1,1
46228815,submitted,0.71781,7304.89,,,,,,,1,1
46228816,submitted,0.00007332,7305.69,,,,,,,1,1
46228817,submitted,0.051223,7307.68,,,,,,,1,1
46228818,submitted,0.00007332,7308.25,,,,,,,1,1
46228819,submitted,0.00007332,7310.82,,,,,,,1,1
46228820,submitted,0.00007332,7313.38,,,,,,,1,1
46228821,submitted,0.00007332,7315.94,,,,,,,1,1
46228822,submitted,0.00007332,7318.5,,,,,,,1,1
46228823,submitted,0.71781,7319.44,,,,,,,1,1
46228824,submitted,0.00007332,7321.07,,,,,,,1,1
46228825,submitted,0.00007332,7323.63,,,,,,,1,1
46228826,submitted,0.00007332,7326.19,,,,,,,1,1
46228827,submitted,0.00007332,7328.75,,,,,,,1,1
46228828,submitted,14.097,7331.16,,,,,,,1,1
46228829,submitted,0.00007332,7331.32,,,,,,,1,1
46228830,submitted,0.00007332,7333.88,,,,,,,1,1
46228831,submitted,0.00007332,7336.44,,,,,,,1,1
46228832,submitted,0.00488532,7336.9,,,,,,,1,1
46228833,submitted,4.7,7337.29,,,,,,,1,1
46228834,submitted,0.00007332,7339,,,,,,,1,1
46228835,submitted,0.00007332,7341.57,,,,,,,1,1
46228836,submitted,0.4155,7344,,,,,,,1,1
46228837,submitted,0.00007332,7344.13,,,,,,,1,1
46228838,submitted,0.00007332,7346.69,,,,,,,1,1
46228839,submitted,0.71781,7348.55,,,,,,,1,1
46228840,submitted,0.00007332,7349.25,,,,,,,1,1
46228841,submitted,0.32263196,7350,,,,,,,1,1
46228842,submitted,0.00007332,7351.82,,,,,,,1,1
46228843,submitted,0.00007332,7354.38,,,,,,,1,1
46228844,submitted,0.00007332,7356.94,,,,,,,1,1
46228845,submitted,0.00007332,7359.5,,,,,,,1,1
46228846,submitted,0.00007332,7362.07,,,,,,,1,1
46228847,submitted,0.00007332,7364.63,,,,,,,1,1
46228848,submitted,0.00007332,7367.19,,,,,,,1,1
46228948,submitted,0.053075,7070,,,,,,,0,1
46228947,submitted,0.00161849,7071.87,,,,,,,0,1
46228946,submitted,0.000075,7072.5,,,,,,,0,1
46228945,submitted,0.15,7073.54,,,,,,,0,1
46228944,submitted,0.00140923,7074.74,,,,,,,0,1
46228943,submitted,0.0125,7074.8,,,,,,,0,1
46228942,submitted,0.250075,7075,,,,,,,0,1
46228941,submitted,0.006,7077,,,,,,,0,1
46228940,submitted,0.000075,7077.5,,,,,,,0,1
46228939,submitted,0.00070633,7078.78,,,,,,,0,1
46228938,submitted,0.116075,7080,,,,,,,0,1
46228937,submitted,0.000075,7082.5,,,,,,,0,1
46228936,submitted,0.00341064,7083.49,,,,,,,0,1
46228935,submitted,0.05646527,7084,,,,,,,0,1
46228934,submitted,0.000075,7085,,,,,,,0,1
46228933,submitted,0.00161345,7085.18,,,,,,,0,1
46228932,submitted,0.000075,7087.5,,,,,,,0,1
46228931,submitted,5,7088,,,,,,,0,1
46228930,submitted,0.1,7088.07,,,,,,,0,1
46228929,submitted,0.000075,7090,,,,,,,0,1
46228928,submitted,0.00352608,7090.01,,,,,,,0,1
46228927,submitted,0.000075,7092.5,,,,,,,0,1
46228926,submitted,0.00057654,7093.98,,,,,,,0,1
46228925,submitted,11.89,7094.99,,,,,,,0,1
46228924,submitted,0.000075,7095,,,,,,,0,1
46228923,submitted,0.000075,7097.5,,,,,,,0,1
46228922,submitted,5.602,7097.93,,,,,,,0,1
46228921,submitted,9.43,7098.26,,,,,,,0,1
46228920,submitted,0.00140877,7098.39,,,,,,,0,1
46228919,submitted,0.15744677,7098.61,,,,,,,0,1
46228918,submitted,0.00488532,7099.47,,,,,,,0,1
46228917,submitted,0.10563395,7099.99,,,,,,,0,1
46228916,submitted,2.57959913,7100,,,,,,,0,1
46228915,submitted,0.00165909,7100.32,,,,,,,0,1
46228914,submitted,0.1667,7101,,,,,,,0,1
46228913,submitted,0.03520625,7101.01,,,,,,,0,1
46228912,submitted,0.0140311,7102.08,,,,,,,0,1
46228911,submitted,0.000075,7102.5,,,,,,,0,1
46228910,submitted,0.3786599,7104,,,,,,,0,1
46228909,submitted,0.00220146,7104.36,,,,,,,0,1
46228908,submitted,0.02822419,7105,,,,,,,0,1
46228907,submitted,11.71,7105.03,,,,,,,0,1
46228906,submitted,0.00071624,7105.38,,,,,,,0,1
46228905,submitted,0.05,7107.1,,,,,,,0,1
46228904,submitted,0.000075,7107.5,,,,,,,0,1
46228903,submitted,0.07142858,7108.19,,,,,,,0,1
46228902,submitted,0.070075,7110,,,,,,,0,1
46228901,submitted,0.1549815,7111.18,,,,,,,0,1
46228900,submitted,0.000075,7112.5,,,,,,,0,1
46228899,submitted,9.8034,7114,,,,,,,0,1
46228898,submitted,0.05,7114.2,,,,,,,0,1
46228897,submitted,0.0135887,7115,,,,,,,0,1
46228896,submitted,0.07027387,7115.02,,,,,,,0,1
46228895,submitted,9.3,7118.77,,,,,,,0,1
46228894,submitted,0.00228661,7119.69,,,,,,,0,1
46228893,submitted,0.10902471,7120,,,,,,,0,1
46228892,submitted,0.65159675,7120.19,,,,,,,0,1
46228891,submitted,0.05,7121.3,,,,,,,0,1
46228890,submitted,23.98,7123.97,,,,,,,0,1
46228889,submitted,0.3,7124.5,,,,,,,0,1
46228888,submitted,0.05181052,7125,,,,,,,0,1
46228887,submitted,3.26,7126.32,,,,,,,0,1
46228886,submitted,2.398,7126.89,,,,,,,0,1
46228885,submitted,8.9,7127.36,,,,,,,0,1
46228884,submitted,0.3,7128.5,,,,,,,0,1
46228883,submitted,0.39154835,7129.53,,,,,,,0,1
46228882,submitted,4.06,7130.8,,,,,,,0,1
46228881,submitted,2.5,7132.22,,,,,,,0,1
46228880,submitted,0.3,7132.5,,,,,,,0,1
46228879,submitted,0.13974936,7133.69,,,,,,,0,1
46228878,submitted,0.02502719,7134.18,,,,,,,0,1
46228877,submitted,5.8,7134.29,,,,,,,0,1
46228876,submitted,0.33849015,7136,,,,,,,0,1
46228875,submitted,0.00479109,7136.01,,,,,,,0,1
46228874,submitted,0.3,7136.5,,,,,,,0,1
46228873,submitted,0.21212122,7137.38,,,,,,,0,1
46228872,submitted,3.3,7138.08,,,,,,,0,1
46228871,submitted,0.72,7138.09,,,,,,,0,1
46228870,submitted,0.15227909,7139.67,,,,,,,0,1
46228869,submitted,0.3,7140.5,,,,,,,0,1
46228868,submitted,0.7557467,7141,,,,,,,0,1
46228867,submitted,0.01386166,7142,,,,,,,0,1
46228866,submitted,6.1,7142.26,,,,,,,0,1
46228865,submitted,0.05,7142.6,,,,,,,0,1
46228864,submitted,0.25,7142.61,,,,,,,0,1
46228863,submitted,1,7143.55,,,,,,,0,1
46228862,submitted,0.3,7144.5,,,,,,,0,1
46228861,submitted,1,7144.89,,,,,,,0,1
46228860,submitted,4.9989,7145.39,,,,,,,0,1
46228859,submitted,1,7146.52,,,,,,,0,1
46228858,submitted,1,7147.96,,,,,,,0,1
46228857,submitted,0.3,7148.64,,,,,,,0,1
46228856,submitted,1.093,7149,,,,,,,0,1
46228855,submitted,6.13902097,7150,,,,,,,0,1
46228854,submitted,2.42,7150.01,,,,,,,0,1
46228853,submitted,1.036,7151.2,,,,,,,0,1
46228852,submitted,0.3,7152.83,,,,,,,0,1
46228851,submitted,9.99999,7155,,,,,,,0,1
46228850,submitted,0.7989496,7155.01,,,,,,,0,1
46228849,submitted,3.7834,7155.22,,,,,,,0,1
46229701,submitted,12.66058997,7173.37,,,,,,,1,1
46229702,submitted,4.802401474,7180,,,,,,,1,1
46229703,submitted,2.5,7182.67,,,,,,,1,1
46229704,submitted,5,7185,,,,,,,1,1
46229705,submitted,0.3,7185.05,,,,,,,1,1
46229706,submitted,0.3,7189.05,,,,,,,1,1
46229707,submitted,0.098,7190.94,,,,,,,1,1
46229708,submitted,4.86,7191.16,,,,,,,1,1
46229709,submitted,0.3,7193.05,,,,,,,1,1
46229710,submitted,0.2443357,7194.28,,,,,,,1,1
46229711,submitted,0.00488532,7194.44,,,,,,,1,1
46229712,submitted,4.51,7194.84,,,,,,,1,1
46229713,submitted,1.08,7196.41,,,,,,,1,1
46229714,submitted,0.3,7197.05,,,,,,,1,1
46229715,submitted,0.547,7198.61,,,,,,,1,1
46229716,submitted,8.6,7198.71,,,,,,,1,1
46229717,submitted,0.366823867,7199.21,,,,,,,1,1
46229718,submitted,5,7200,,,,,,,1,1
46229719,submitted,0.3,7201.05,,,,,,,1,1
46229720,submitted,0.16093837,7204.76,,,,,,,1,1
46229721,submitted,10.1,7205.02,,,,,,,1,1
46229722,submitted,0.3,7205.05,,,,,,,1,1
46229723,submitted,0.24,7205.84,,,,,,,1,1
46229724,submitted,0.3,7209.05,,,,,,,1,1
46229725,submitted,2.41,7210.85,,,,,,,1,1
46229726,submitted,0.3,7213.05,,,,,,,1,1
46229727,submitted,0.71,7213.29,,,,,,,1,1
46229728,submitted,2.871,7213.43,,,,,,,1,1
46229729,submitted,10.56,7213.68,,,,,,,1,1
46229730,submitted,0.16111763,7215.72,,,,,,,1,1
46229731,submitted,10.33,7219.03,,,,,,,1,1
46229732,submitted,0.05,7221.6,,,,,,,1,1
46229733,submitted,0.24605595,7223.88,,,,,,,1,1
46229734,submitted,23.97,7227.4,,,,,,,1,1
46229735,submitted,0.05,7228.8,,,,,,,1,1
46229736,submitted,0.05,7236,,,,,,,1,1
46229737,submitted,0.00488532,7241.93,,,,,,,1,1
46229738,submitted,2.716,7249.57,,,,,,,1,1
46229739,submitted,0.025,7263,,,,,,,1,1
46229740,submitted,0.05,7264.8,,,,,,,1,1
46229741,submitted,0.30212892,7281.66,,,,,,,1,1
46229742,submitted,0.02746091,7283.08,,,,,,,1,1
46229743,submitted,0.00488532,7289.42,,,,,,,1,1
46229744,submitted,0.00007332,7295.44,,,,,,,1,1
46229745,submitted,0.00007332,7298,,,,,,,1,1
46229746,submitted,6.45088164,7300,,,,,,,1,1
46229747,submitted,0.00342464,7300.04,,,,,,,1,1
46229748,submitted,0.00007332,7300.57,,,,,,,1,1
46229749,submitted,0.00007332,7303.13,,,,,,,1,1
46229750,submitted,0.004442,7303.48,,,,,,,1,1
46229751,submitted,5.075,7303.49,,,,,,,1,1
46229752,submitted,0.71781,7304.89,,,,,,,1,1
46229753,submitted,0.00007332,7305.69,,,,,,,1,1
46229754,submitted,0.051223,7307.68,,,,,,,1,1
46229755,submitted,0.00007332,7308.25,,,,,,,1,1
46229756,submitted,0.00007332,7310.82,,,,,,,1,1
46229757,submitted,0.00007332,7313.38,,,,,,,1,1
46229758,submitted,0.00007332,7315.94,,,,,,,1,1
46229759,submitted,0.00007332,7318.5,,,,,,,1,1
46229760,submitted,0.71781,7319.44,,,,,,,1,1
46229761,submitted,0.00007332,7321.07,,,,,,,1,1
46229762,submitted,0.00007332,7323.63,,,,,,,1,1
46229763,submitted,0.00007332,7326.19,,,,,,,1,1
46229764,submitted,0.00007332,7328.75,,,,,,,1,1
46229765,submitted,0.00007332,7331.32,,,,,,,1,1
46229766,submitted,0.00007332,7333.88,,,,,,,1,1
46229767,submitted,4.7,7334.3,,,,,,,1,1
46229768,submitted,0.00007332,7336.44,,,,,,,1,1
46229769,submitted,0.00488532,7336.9,,,,,,,1,1
46229770,submitted,0.00007332,7339,,,,,,,1,1
46229771,submitted,0.00007332,7341.57,,,,,,,1,1
46229772,submitted,0.4155,7344,,,,,,,1,1
46229773,submitted,0.00007332,7344.13,,,,,,,1,1
46229774,submitted,0.00007332,7346.69,,,,,,,1,1
46229775,submitted,0.71781,7348.55,,,,,,,1,1
46229776,submitted,0.00007332,7349.25,,,,,,,1,1
46229777,submitted,0.32263196,7350,,,,,,,1,1
46229778,submitted,0.00007332,7351.82,,,,,,,1,1
46229779,submitted,0.00007332,7354.38,,,,,,,1,1
46229780,submitted,0.00007332,7356.94,,,,,,,1,1
46229781,submitted,7.588,7357.41,,,,,,,1,1
46229782,submitted,0.00007332,7359.5,,,,,,,1,1
46229783,submitted,0.00007332,7362.07,,,,,,,1,1
46229784,submitted,0.00007332,7364.63,,,,,,,1,1
46229785,submitted,0.00007332,7367.19,,,,,,,1,1
46229786,submitted,0.00007332,7369.75,,,,,,,1,1
46229787,submitted,0.00007332,7372.32,,,,,,,1,1
46229788,submitted,0.00007332,7374.88,,,,,,,1,1
46229789,submitted,0.00007332,7377.44,,,,,,,1,1
46229790,submitted,0.00007332,7380,,,,,,,1,1
46229791,submitted,0.00007332,7382.57,,,,,,,1,1
46229792,submitted,0.00488532,7384.39,,,,,,,1,1
46229793,submitted,0.00007332,7385.13,,,,,,,1,1
46229794,submitted,0.00007332,7387.69,,,,,,,1,1
46229795,submitted,0.00007332,7390.25,,,,,,,1,1
46229796,submitted,0.00007332,7392.82,,,,,,,1,1
46229797,submitted,0.00338066,7395,,,,,,,1,1
46229798,submitted,0.00007332,7395.38,,,,,,,1,1
46229799,submitted,0.00007332,7397.94,,,,,,,1,1
46229800,submitted,0.55379322,7399,,,,,,,1,1
46229900,submitted,0.00341064,7083.49,,,,,,,0,1
46229899,submitted,0.05646527,7084,,,,,,,0,1
46229898,submitted,0.000075,7085,,,,,,,0,1
46229897,submitted,0.00161345,7085.18,,,,,,,0,1
46229896,submitted,0.000075,7087.5,,,,,,,0,1
46229895,submitted,5,7088,,,,,,,0,1
46229894,submitted,0.1,7088.07,,,,,,,0,1
46229893,submitted,0.000075,7090,,,,,,,0,1
46229892,submitted,0.00352608,7090.01,,,,,,,0,1
46229891,submitted,0.000075,7092.5,,,,,,,0,1
46229890,submitted,0.00057654,7093.98,,,,,,,0,1
46229889,submitted,11.89,7094.99,,,,,,,0,1
46229888,submitted,0.000075,7095,,,,,,,0,1
46229887,submitted,0.000075,7097.5,,,,,,,0,1
46229886,submitted,0.00140877,7098.39,,,,,,,0,1
46229885,submitted,0.00488532,7099.47,,,,,,,0,1
46229884,submitted,0.10563395,7099.99,,,,,,,0,1
46229883,submitted,2.57959913,7100,,,,,,,0,1
46229882,submitted,0.00165909,7100.32,,,,,,,0,1
46229881,submitted,0.1667,7101,,,,,,,0,1
46229880,submitted,0.03520625,7101.01,,,,,,,0,1
46229879,submitted,0.0140311,7102.08,,,,,,,0,1
46229878,submitted,0.000075,7102.5,,,,,,,0,1
46229877,submitted,0.3786599,7104,,,,,,,0,1
46229876,submitted,0.00220146,7104.36,,,,,,,0,1
46229875,submitted,2.961,7104.48,,,,,,,0,1
46229874,submitted,0.02822419,7105,,,,,,,0,1
46229873,submitted,0.00071624,7105.38,,,,,,,0,1
46229872,submitted,0.000075,7107.5,,,,,,,0,1
46229871,submitted,0.00070345,7107.78,,,,,,,0,1
46229870,submitted,0.07142858,7108.19,,,,,,,0,1
46229869,submitted,0.070075,7110,,,,,,,0,1
46229868,submitted,0.000075,7112.5,,,,,,,0,1
46229867,submitted,0.0135887,7115,,,,,,,0,1
46229866,submitted,0.07027387,7115.02,,,,,,,0,1
46229865,submitted,0.24932096,7118.05,,,,,,,0,1
46229864,submitted,9.3,7118.77,,,,,,,0,1
46229863,submitted,0.00228661,7119.69,,,,,,,0,1
46229862,submitted,0.10902471,7120,,,,,,,0,1
46229861,submitted,23.98,7121.2,,,,,,,0,1
46229860,submitted,1.05181052,7125,,,,,,,0,1
46229859,submitted,0.16317902,7126.4,,,,,,,0,1
46229858,submitted,8.9,7127.36,,,,,,,0,1
46229857,submitted,0.00070148,7127.78,,,,,,,0,1
46229856,submitted,0.05,7128.4,,,,,,,0,1
46229855,submitted,1,7130,,,,,,,0,1
46229854,submitted,2.789,7133.45,,,,,,,0,1
46229853,submitted,0.13974936,7133.69,,,,,,,0,1
46229852,submitted,9.0951,7134.04,,,,,,,0,1
46229851,submitted,0.02502719,7134.18,,,,,,,0,1
46229850,submitted,0.15738571,7134.32,,,,,,,0,1
46229849,submitted,1,7135,,,,,,,0,1
46229848,submitted,0.05,7135.5,,,,,,,0,1
46229847,submitted,0.33849015,7136,,,,,,,0,1
46229846,submitted,0.00479109,7136.01,,,,,,,0,1
46229845,submitted,0.21212122,7137.38,,,,,,,0,1
46229844,submitted,0.00070049,7137.78,,,,,,,0,1
46229843,submitted,1,7139,,,,,,,0,1
46229842,submitted,1,7140,,,,,,,0,1
46229841,submitted,0.7557467,7141,,,,,,,0,1
46229840,submitted,8.91,7141.16,,,,,,,0,1
46229839,submitted,4.9781,7141.5,,,,,,,0,1
46229838,submitted,0.01386166,7142,,,,,,,0,1
46229837,submitted,2.5,7144.7,,,,,,,0,1
46229836,submitted,0.32,7144.8,,,,,,,0,1
46229835,submitted,3,7145,,,,,,,0,1
46229834,submitted,0.3,7145.98,,,,,,,0,1
46229833,submitted,0.16123152,7146.18,,,,,,,0,1
46229832,submitted,9.2916,7147.38,,,,,,,0,1
46229831,submitted,0.00104927,7147.78,,,,,,,0,1
46229830,submitted,0.99998,7149,,,,,,,0,1
46229829,submitted,0.3,7149.98,,,,,,,0,1
46229828,submitted,0.01590255,7150,,,,,,,0,1
46229827,submitted,0.3,7152.09,,,,,,,0,1
46229826,submitted,0.3,7153.09,,,,,,,0,1
46229825,submitted,0.97,7153.1,,,,,,,0,1
46229824,submitted,0.3,7154.31,,,,,,,0,1
46229823,submitted,0.00069881,7155,,,,,,,0,1
46229822,submitted,2.42,7155.01,,,,,,,0,1
46229821,submitted,3.4142,7156.35,,,,,,,0,1
46229820,submitted,0.3,7158.37,,,,,,,0,1
46229819,submitted,0.15559423,7158.42,,,,,,,0,1
46229818,submitted,0.0146129,7160,,,,,,,0,1
46229817,submitted,4.4,7160.01,,,,,,,0,1
46229816,submitted,0.3,7162.38,,,,,,,0,1
46229815,submitted,1,7162.98,,,,,,,0,1
46229814,submitted,2.4579,7163.04,,,,,,,0,1
46229813,submitted,1,7164.56,,,,,,,0,1
46229812,submitted,0.00347662,7165,,,,,,,0,1
46229811,submitted,1,7165.85,,,,,,,0,1
46229810,submitted,5.4,7166.81,,,,,,,0,1
46229809,submitted,0.3,7166.93,,,,,,,0,1
46229808,submitted,1,7167.22,,,,,,,0,1
46229807,submitted,0.069584,7167.88,,,,,,,0,1
46229806,submitted,2.0037,7168.83,,,,,,,0,1
46229805,submitted,2.8,7169.76,,,,,,,0,1
46229804,submitted,1.035,7171.03,,,,,,,0,1
46229803,submitted,0.3,7172.41,,,,,,,0,1
46229802,submitted,0.25,7173,,,,,,,0,1
46229801,submitted,1.65989188,7173.36,,,,,,,0,1
46230652,submitted,0.04055711,7207.32,,,,,,,1,1
46230653,submitted,1,7210.09,,,,,,,1,1
46230654,submitted,1.0896,7211.13,,,,,,,1,1
46230655,submitted,1,7211.63,,,,,,,1,1
46230656,submitted,0.3,7213.05,,,,,,,1,1
46230657,submitted,1,7213.69,,,,,,,1,1
46230658,submitted,0.25,7214.6,,,,,,,1,1
46230659,submitted,1,7215.25,,,,,,,1,1
46230660,submitted,4.9961,7216.86,,,,,,,1,1
46230661,submitted,0.3,7217.05,,,,,,,1,1
46230662,submitted,4.5884,7217.36,,,,,,,1,1
46230663,submitted,0.16475036,7217.49,,,,,,,1,1
46230664,submitted,0.841,7219.17,,,,,,,1,1
46230665,submitted,0.3,7221.05,,,,,,,1,1
46230666,submitted,0.462,7221.37,,,,,,,1,1
46230667,submitted,3.37,7221.48,,,,,,,1,1
46230668,submitted,4.3499,7224.8,,,,,,,1,1
46230669,submitted,0.3,7225.05,,,,,,,1,1
46230670,submitted,9.79,7226.14,,,,,,,1,1
46230671,submitted,0.26216521,7228.17,,,,,,,1,1
46230672,submitted,0.3,7229.05,,,,,,,1,1
46230673,submitted,5.34,7229.19,,,,,,,1,1
46230674,submitted,0.52,7232.5,,,,,,,1,1
46230675,submitted,3.2666,7232.53,,,,,,,1,1
46230676,submitted,0.3,7233.05,,,,,,,1,1
46230677,submitted,11.2828,7235.21,,,,,,,1,1
46230678,submitted,0.098,7235.53,,,,,,,1,1
46230679,submitted,0.3,7237.05,,,,,,,1,1
46230680,submitted,0.24,7237.28,,,,,,,1,1
46230681,submitted,2.5,7238.67,,,,,,,1,1
46230682,submitted,0.25827632,7239.97,,,,,,,1,1
46230683,submitted,0.71,7240.89,,,,,,,1,1
46230684,submitted,0.3,7241.05,,,,,,,1,1
46230685,submitted,0.00488532,7241.93,,,,,,,1,1
46230686,submitted,10.1818,7244.14,,,,,,,1,1
46230687,submitted,2.41,7244.5,,,,,,,1,1
46230688,submitted,0.05,7250.4,,,,,,,1,1
46230689,submitted,8.37,7251.42,,,,,,,1,1
46230690,submitted,0.16394249,7252.11,,,,,,,1,1
46230691,submitted,2.577,7253.37,,,,,,,1,1
46230692,submitted,0.05,7257.6,,,,,,,1,1
46230693,submitted,9.6,7259.13,,,,,,,1,1
46230694,submitted,0.025,7263,,,,,,,1,1
46230695,submitted,23.97,7265.6,,,,,,,1,1
46230696,submitted,0.66391673,7267.06,,,,,,,1,1
46230697,submitted,5.8,7267.14,,,,,,,1,1
46230698,submitted,0.30212892,7281.66,,,,,,,1,1
46230699,submitted,0.02746091,7283.08,,,,,,,1,1
46230700,submitted,0.00488532,7289.42,,,,,,,1,1
46230701,submitted,0.05,7293.6,,,,,,,1,1
46230702,submitted,0.00007332,7295.44,,,,,,,1,1
46230703,submitted,0.00007332,7298,,,,,,,1,1
46230704,submitted,6.45088164,7300,,,,,,,1,1
46230705,submitted,0.00342464,7300.04,,,,,,,1,1
46230706,submitted,0.00007332,7300.57,,,,,,,1,1
46230707,submitted,0.00007332,7303.13,,,,,,,1,1
46230708,submitted,0.004442,7303.48,,,,,,,1,1
46230709,submitted,0.71781,7304.89,,,,,,,1,1
46230710,submitted,0.00007332,7305.69,,,,,,,1,1
46230711,submitted,0.051223,7307.68,,,,,,,1,1
46230712,submitted,0.00007332,7308.25,,,,,,,1,1
46230713,submitted,0.00007332,7310.82,,,,,,,1,1
46230714,submitted,0.00007332,7313.38,,,,,,,1,1
46230715,submitted,0.00007332,7315.94,,,,,,,1,1
46230716,submitted,0.00007332,7318.5,,,,,,,1,1
46230717,submitted,0.71781,7319.44,,,,,,,1,1
46230718,submitted,0.00007332,7321.07,,,,,,,1,1
46230719,submitted,7.176,7321.17,,,,,,,1,1
46230720,submitted,0.00007332,7323.63,,,,,,,1,1
46230721,submitted,0.00007332,7326.19,,,,,,,1,1
46230722,submitted,0.00007332,7328.75,,,,,,,1,1
46230723,submitted,0.00007332,7331.32,,,,,,,1,1
46230724,submitted,0.00007332,7333.88,,,,,,,1,1
46230725,submitted,0.00007332,7336.44,,,,,,,1,1
46230726,submitted,0.00488532,7336.9,,,,,,,1,1
46230727,submitted,7.3,7337.84,,,,,,,1,1
46230728,submitted,0.00007332,7339,,,,,,,1,1
46230729,submitted,0.00007332,7341.57,,,,,,,1,1
46230730,submitted,0.4155,7344,,,,,,,1,1
46230731,submitted,0.00007332,7344.13,,,,,,,1,1
46230732,submitted,0.00007332,7346.69,,,,,,,1,1
46230733,submitted,0.71781,7348.55,,,,,,,1,1
46230734,submitted,0.00007332,7349.25,,,,,,,1,1
46230735,submitted,0.32263196,7350,,,,,,,1,1
46230736,submitted,0.00007332,7351.82,,,,,,,1,1
46230737,submitted,0.00007332,7354.38,,,,,,,1,1
46230738,submitted,0.00007332,7356.94,,,,,,,1,1
46230739,submitted,0.00007332,7359.5,,,,,,,1,1
46230740,submitted,0.00007332,7362.07,,,,,,,1,1
46230741,submitted,0.00007332,7364.63,,,,,,,1,1
46230742,submitted,0.00007332,7367.19,,,,,,,1,1
46230743,submitted,0.00007332,7369.75,,,,,,,1,1
46230744,submitted,0.00007332,7372.32,,,,,,,1,1
46230745,submitted,0.00007332,7374.88,,,,,,,1,1
46230746,submitted,4.157,7375.19,,,,,,,1,1
46230747,submitted,0.00007332,7377.44,,,,,,,1,1
46230748,submitted,0.00007332,7380,,,,,,,1,1
46230749,submitted,0.00007332,7382.57,,,,,,,1,1
46230750,submitted,0.00488532,7384.39,,,,,,,1,1
46230751,submitted,0.00007332,7385.13,,,,,,,1,1
46230851,submitted,0.00488532,7099.47,,,,,,,0,1
46230850,submitted,0.10563395,7099.99,,,,,,,0,1
46230849,submitted,2.57959913,7100,,,,,,,0,1
46230848,submitted,0.00165909,7100.32,,,,,,,0,1
46230847,submitted,0.1667,7101,,,,,,,0,1
46230846,submitted,0.03520625,7101.01,,,,,,,0,1
46230845,submitted,0.0140311,7102.08,,,,,,,0,1
46230844,submitted,0.000075,7102.5,,,,,,,0,1
46230843,submitted,0.3786599,7104,,,,,,,0,1
46230842,submitted,0.00220146,7104.36,,,,,,,0,1
46230841,submitted,0.02822419,7105,,,,,,,0,1
46230840,submitted,0.00071624,7105.38,,,,,,,0,1
46230839,submitted,0.000075,7107.5,,,,,,,0,1
46230838,submitted,0.00070345,7107.78,,,,,,,0,1
46230837,submitted,0.07142858,7108.19,,,,,,,0,1
46230836,submitted,0.070075,7110,,,,,,,0,1
46230835,submitted,0.000075,7112.5,,,,,,,0,1
46230834,submitted,11.89,7114.28,,,,,,,0,1
46230833,submitted,0.0135887,7115,,,,,,,0,1
46230832,submitted,0.07027387,7115.02,,,,,,,0,1
46230831,submitted,0.6,7117.57,,,,,,,0,1
46230830,submitted,0.00228661,7119.69,,,,,,,0,1
46230829,submitted,0.10902471,7120,,,,,,,0,1
46230828,submitted,5.356,7120.96,,,,,,,0,1
46230827,submitted,1.05181052,7125,,,,,,,0,1
46230826,submitted,0.00070148,7127.78,,,,,,,0,1
46230825,submitted,1,7130,,,,,,,0,1
46230824,submitted,0.13974936,7133.69,,,,,,,0,1
46230823,submitted,0.02502719,7134.18,,,,,,,0,1
46230822,submitted,1,7135,,,,,,,0,1
46230821,submitted,0.00479109,7136.01,,,,,,,0,1
46230820,submitted,0.21212122,7137.38,,,,,,,0,1
46230819,submitted,1,7139,,,,,,,0,1
46230818,submitted,1,7140,,,,,,,0,1
46230817,submitted,0.7557467,7141,,,,,,,0,1
46230816,submitted,0.01386166,7142,,,,,,,0,1
46230815,submitted,3,7145,,,,,,,0,1
46230814,submitted,0.00488532,7146.96,,,,,,,0,1
46230813,submitted,0.00104927,7147.78,,,,,,,0,1
46230812,submitted,0.67172215,7148.53,,,,,,,0,1
46230811,submitted,0.99998,7149,,,,,,,0,1
46230810,submitted,0.05,7149.7,,,,,,,0,1
46230809,submitted,0.00697062,7150,,,,,,,0,1
46230808,submitted,0.00069878,7155.25,,,,,,,0,1
46230807,submitted,0.05,7156.8,,,,,,,0,1
46230806,submitted,0.66049694,7157.55,,,,,,,0,1
46230805,submitted,10.98,7158.22,,,,,,,0,1
46230804,submitted,0.0146129,7160,,,,,,,0,1
46230803,submitted,0.05,7163.9,,,,,,,0,1
46230802,submitted,10.5,7164.84,,,,,,,0,1
46230801,submitted,0.00347662,7165,,,,,,,0,1
46230800,submitted,0.25595718,7167.18,,,,,,,0,1
46230799,submitted,0.069584,7167.88,,,,,,,0,1
46230798,submitted,2.8,7169.76,,,,,,,0,1
46230797,submitted,0.00350348,7170,,,,,,,0,1
46230796,submitted,23.98,7172.44,,,,,,,0,1
46230795,submitted,3.587,7172.46,,,,,,,0,1
46230794,submitted,10.8,7172.68,,,,,,,0,1
46230793,submitted,2.9,7173.36,,,,,,,0,1
46230792,submitted,0.3,7173.37,,,,,,,0,1
46230791,submitted,0.15920766,7175.56,,,,,,,0,1
46230790,submitted,8.58,7176.4,,,,,,,0,1
46230789,submitted,0.00069659,7177.78,,,,,,,0,1
46230788,submitted,4.32,7178.72,,,,,,,0,1
46230787,submitted,3.3,7179.99,,,,,,,0,1
46230786,submitted,5.11,7182.41,,,,,,,0,1
46230785,submitted,0.3,7183.5,,,,,,,0,1
46230784,submitted,4.9915,7184.44,,,,,,,0,1
46230783,submitted,0.06959184,7184.75,,,,,,,0,1
46230782,submitted,2.8357,7185.69,,,,,,,0,1
46230781,submitted,0.0006958,7185.97,,,,,,,0,1
46230780,submitted,0.3,7186.02,,,,,,,0,1
46230779,submitted,10.06,7186.71,,,,,,,0,1
46230778,submitted,0.3,7187.09,,,,,,,0,1
46230777,submitted,0.15685401,7187.33,,,,,,,0,1
46230776,submitted,0.3,7187.6,,,,,,,0,1
46230775,submitted,0.3,7188.49,,,,,,,0,1
46230774,submitted,5,7189.35,,,,,,,0,1
46230773,submitted,4.37,7189.8,,,,,,,0,1
46230772,submitted,0.72,7190.47,,,,,,,0,1
46230771,submitted,0.3,7192.89,,,,,,,0,1
46230770,submitted,2.42,7192.91,,,,,,,0,1
46230769,submitted,3.42,7193.6,,,,,,,0,1
46230768,submitted,0.25,7193.61,,,,,,,0,1
46230767,submitted,1,7196.12,,,,,,,0,1
46230766,submitted,0.3,7196.99,,,,,,,0,1
46230765,submitted,1,7197.35,,,,,,,0,1
46230764,submitted,0.00069465,7197.78,,,,,,,0,1
46230763,submitted,6,7197.83,,,,,,,0,1
46230762,submitted,2.5,7198.39,,,,,,,0,1
46230761,submitted,1,7198.92,,,,,,,0,1
46230760,submitted,1.053,7199.65,,,,,,,0,1
46230759,submitted,1,7200.47,,,,,,,0,1
46230758,submitted,0.3,7201.04,,,,,,,0,1
46230757,submitted,0.491,7201.85,,,,,,,0,1
46230756,submitted,4.1,7202.37,,,,,,,0,1
46230755,submitted,0.08401203,7202.88,,,,,,,0,1
46230754,submitted,0.9965,7203.37,,,,,,,0,1
46230753,submitted,0.00001,7204.43,,,,,,,0,1
46230752,submitted,0.09733918,7204.44,,,,,,,0,1
46231604,submitted,0.00557584,7219.04,,,,,,,1,1
46231605,submitted,0.25,7219.4,,,,,,,1,1
46231606,submitted,1,7220.46,,,,,,,1,1
46231607,submitted,2.6775,7220.84,,,,,,,1,1
46231608,submitted,0.4606235,7221.98,,,,,,,1,1
46231609,submitted,0.3,7221.99,,,,,,,1,1
46231610,submitted,1,7222,,,,,,,1,1
46231611,submitted,0.3,7223.03,,,,,,,1,1
46231612,submitted,2.0653,7224.03,,,,,,,1,1
46231613,submitted,4.69,7225.03,,,,,,,1,1
46231614,submitted,0.3,7225.05,,,,,,,1,1
46231615,submitted,1,7225.18,,,,,,,1,1
46231616,submitted,1.116,7227.97,,,,,,,1,1
46231617,submitted,4.9943,7228.69,,,,,,,1,1
46231618,submitted,0.3,7229.05,,,,,,,1,1
46231619,submitted,9.3,7229.15,,,,,,,1,1
46231620,submitted,5.34,7229.19,,,,,,,1,1
46231621,submitted,0.15016836,7229.24,,,,,,,1,1
46231622,submitted,1.02,7230.17,,,,,,,1,1
46231623,submitted,5.2,7232.97,,,,,,,1,1
46231624,submitted,0.3,7233.05,,,,,,,1,1
46231625,submitted,0.098,7234.51,,,,,,,1,1
46231626,submitted,11.2828,7235.21,,,,,,,1,1
46231627,submitted,2.4775,7236.56,,,,,,,1,1
46231628,submitted,0.3,7237.05,,,,,,,1,1
46231629,submitted,0.24,7240.41,,,,,,,1,1
46231630,submitted,0.3,7241.05,,,,,,,1,1
46231631,submitted,0.42539817,7241.13,,,,,,,1,1
46231632,submitted,0.00488532,7241.93,,,,,,,1,1
46231633,submitted,0.71,7244.02,,,,,,,1,1
46231634,submitted,10.1818,7244.14,,,,,,,1,1
46231635,submitted,0.3,7245.05,,,,,,,1,1
46231636,submitted,2.5,7245.9,,,,,,,1,1
46231637,submitted,2.41,7247.64,,,,,,,1,1
46231638,submitted,8.37,7251.42,,,,,,,1,1
46231639,submitted,2.577,7253.37,,,,,,,1,1
46231640,submitted,0.05,7257.6,,,,,,,1,1
46231641,submitted,0.67536913,7257.73,,,,,,,1,1
46231642,submitted,9.6,7259.13,,,,,,,1,1
46231643,submitted,0.025,7263,,,,,,,1,1
46231644,submitted,0.68596387,7266.76,,,,,,,1,1
46231645,submitted,5.8,7267.14,,,,,,,1,1
46231646,submitted,23.97,7268.75,,,,,,,1,1
46231647,submitted,0.05,7272,,,,,,,1,1
46231648,submitted,0.65964567,7276.7,,,,,,,1,1
46231649,submitted,0.30212892,7281.66,,,,,,,1,1
46231650,submitted,0.02746091,7283.08,,,,,,,1,1
46231651,submitted,0.00488532,7289.42,,,,,,,1,1
46231652,submitted,0.05,7293.6,,,,,,,1,1
46231653,submitted,0.00007332,7295.44,,,,,,,1,1
46231654,submitted,0.00007332,7298,,,,,,,1,1
46231655,submitted,6.45088164,7300,,,,,,,1,1
46231656,submitted,0.00342464,7300.04,,,,,,,1,1
46231657,submitted,0.00007332,7300.57,,,,,,,1,1
46231658,submitted,0.05,7300.8,,,,,,,1,1
46231659,submitted,0.00007332,7303.13,,,,,,,1,1
46231660,submitted,0.004442,7303.48,,,,,,,1,1
46231661,submitted,0.71781,7304.89,,,,,,,1,1
46231662,submitted,0.00007332,7305.69,,,,,,,1,1
46231663,submitted,0.051223,7307.68,,,,,,,1,1
46231664,submitted,0.00007332,7308.25,,,,,,,1,1
46231665,submitted,0.00007332,7310.82,,,,,,,1,1
46231666,submitted,0.00007332,7313.38,,,,,,,1,1
46231667,submitted,0.00007332,7315.94,,,,,,,1,1
46231668,submitted,0.00007332,7318.5,,,,,,,1,1
46231669,submitted,0.71781,7319.44,,,,,,,1,1
46231670,submitted,0.00007332,7321.07,,,,,,,1,1
46231671,submitted,7.176,7321.17,,,,,,,1,1
46231672,submitted,0.00007332,7323.63,,,,,,,1,1
46231673,submitted,0.00007332,7326.19,,,,,,,1,1
46231674,submitted,0.00007332,7328.75,,,,,,,1,1
46231675,submitted,0.00007332,7331.32,,,,,,,1,1
46231676,submitted,0.00007332,7333.88,,,,,,,1,1
46231677,submitted,0.00007332,7336.44,,,,,,,1,1
46231678,submitted,0.00488532,7336.9,,,,,,,1,1
46231679,submitted,7.3,7337.84,,,,,,,1,1
46231680,submitted,0.00007332,7339,,,,,,,1,1
46231681,submitted,0.00007332,7341.57,,,,,,,1,1
46231682,submitted,0.4155,7344,,,,,,,1,1
46231683,submitted,0.00007332,7344.13,,,,,,,1,1
46231684,submitted,0.00007332,7346.69,,,,,,,1,1
46231685,submitted,0.71781,7348.55,,,,,,,1,1
46231686,submitted,0.00007332,7349.25,,,,,,,1,1
46231687,submitted,0.32263196,7350,,,,,,,1,1
46231688,submitted,0.00007332,7351.82,,,,,,,1,1
46231689,submitted,0.00007332,7354.38,,,,,,,1,1
46231690,submitted,0.00007332,7356.94,,,,,,,1,1
46231691,submitted,0.00007332,7359.5,,,,,,,1,1
46231692,submitted,0.00007332,7362.07,,,,,,,1,1
46231693,submitted,0.00007332,7364.63,,,,,,,1,1
46231694,submitted,0.00007332,7367.19,,,,,,,1,1
46231695,submitted,0.00007332,7369.75,,,,,,,1,1
46231696,submitted,0.00007332,7372.32,,,,,,,1,1
46231697,submitted,0.00007332,7374.88,,,,,,,1,1
46231698,submitted,4.157,7375.19,,,,,,,1,1
46231699,submitted,0.00007332,7377.44,,,,,,,1,1
46231700,submitted,0.00007332,7380,,,,,,,1,1
46231701,submitted,0.00007332,7382.57,,,,,,,1,1
46231702,submitted,0.00488532,7384.39,,,,,,,1,1
46231703,submitted,0.00007332,7385.13,,,,,,,1,1
46231803,submitted,2.57959913,7100,,,,,,,0,1
46231802,submitted,0.00165909,7100.32,,,,,,,0,1
46231801,submitted,0.1667,7101,,,,,,,0,1
46231800,submitted,0.03520625,7101.01,,,,,,,0,1
46231799,submitted,0.0140311,7102.08,,,,,,,0,1
46231798,submitted,0.000075,7102.5,,,,,,,0,1
46231797,submitted,0.3786599,7104,,,,,,,0,1
46231796,submitted,0.00220146,7104.36,,,,,,,0,1
46231795,submitted,0.02822419,7105,,,,,,,0,1
46231794,submitted,0.00071624,7105.38,,,,,,,0,1
46231793,submitted,0.000075,7107.5,,,,,,,0,1
46231792,submitted,0.00070345,7107.78,,,,,,,0,1
46231791,submitted,0.07142858,7108.19,,,,,,,0,1
46231790,submitted,0.070075,7110,,,,,,,0,1
46231789,submitted,0.000075,7112.5,,,,,,,0,1
46231788,submitted,11.89,7114.28,,,,,,,0,1
46231787,submitted,0.0135887,7115,,,,,,,0,1
46231786,submitted,0.07027387,7115.02,,,,,,,0,1
46231785,submitted,0.6,7117.57,,,,,,,0,1
46231784,submitted,0.00228661,7119.69,,,,,,,0,1
46231783,submitted,0.10902471,7120,,,,,,,0,1
46231782,submitted,5.356,7120.96,,,,,,,0,1
46231781,submitted,1.05181052,7125,,,,,,,0,1
46231780,submitted,0.00070148,7127.78,,,,,,,0,1
46231779,submitted,1,7130,,,,,,,0,1
46231778,submitted,0.13974936,7133.69,,,,,,,0,1
46231777,submitted,0.02502719,7134.18,,,,,,,0,1
46231776,submitted,1,7135,,,,,,,0,1
46231775,submitted,0.00479109,7136.01,,,,,,,0,1
46231774,submitted,0.21212122,7137.38,,,,,,,0,1
46231773,submitted,1,7139,,,,,,,0,1
46231772,submitted,1,7140,,,,,,,0,1
46231771,submitted,0.7557467,7141,,,,,,,0,1
46231770,submitted,0.01386166,7142,,,,,,,0,1
46231769,submitted,3,7145,,,,,,,0,1
46231768,submitted,0.00488532,7146.96,,,,,,,0,1
46231767,submitted,0.00104927,7147.78,,,,,,,0,1
46231766,submitted,0.99998,7149,,,,,,,0,1
46231765,submitted,0.00697062,7150,,,,,,,0,1
46231764,submitted,0.39802198,7150.46,,,,,,,0,1
46231763,submitted,9.73,7153.64,,,,,,,0,1
46231762,submitted,0.00069878,7155.25,,,,,,,0,1
46231761,submitted,0.05,7156.8,,,,,,,0,1
46231760,submitted,0.25628842,7159.96,,,,,,,0,1
46231759,submitted,0.0146129,7160,,,,,,,0,1
46231758,submitted,0.25,7162.8,,,,,,,0,1
46231757,submitted,0.05,7163.9,,,,,,,0,1
46231756,submitted,10.5,7164.84,,,,,,,0,1
46231755,submitted,0.00347662,7165,,,,,,,0,1
46231754,submitted,0.069584,7167.88,,,,,,,0,1
46231753,submitted,0.15608441,7169.04,,,,,,,0,1
46231752,submitted,2.8,7169.76,,,,,,,0,1
46231751,submitted,0.00350348,7170,,,,,,,0,1
46231750,submitted,3.587,7172.46,,,,,,,0,1
46231749,submitted,10.8,7172.68,,,,,,,0,1
46231748,submitted,2.9,7173.36,,,,,,,0,1
46231747,submitted,0.3,7173.37,,,,,,,0,1
46231746,submitted,23.98,7174.17,,,,,,,0,1
46231745,submitted,8.58,7176.4,,,,,,,0,1
46231744,submitted,0.00069659,7177.78,,,,,,,0,1
46231743,submitted,0.05,7178.1,,,,,,,0,1
46231742,submitted,3.3,7179.99,,,,,,,0,1
46231741,submitted,0.25414492,7180.46,,,,,,,0,1
46231740,submitted,0.06959184,7184.75,,,,,,,0,1
46231739,submitted,5.45,7185.65,,,,,,,0,1
46231738,submitted,0.0006958,7185.97,,,,,,,0,1
46231737,submitted,10.06,7186.71,,,,,,,0,1
46231736,submitted,0.3,7187.09,,,,,,,0,1
46231735,submitted,0.3,7187.6,,,,,,,0,1
46231734,submitted,0.3,7188.49,,,,,,,0,1
46231733,submitted,4.37,7189.8,,,,,,,0,1
46231732,submitted,0.3,7192.89,,,,,,,0,1
46231731,submitted,3.42,7193.6,,,,,,,0,1
46231730,submitted,2.42,7193.61,,,,,,,0,1
46231729,submitted,0.15955608,7194.59,,,,,,,0,1
46231728,submitted,0.3,7196.99,,,,,,,0,1
46231727,submitted,3.3584,7197.66,,,,,,,0,1
46231726,submitted,0.00069465,7197.78,,,,,,,0,1
46231725,submitted,4.9831,7199.26,,,,,,,0,1
46231724,submitted,0.00168408,7199.94,,,,,,,0,1
46231723,submitted,0.200825,7200,,,,,,,0,1
46231722,submitted,0.72,7200.46,,,,,,,0,1
46231721,submitted,0.3,7201.04,,,,,,,0,1
46231720,submitted,2.9733,7201.09,,,,,,,0,1
46231719,submitted,0.24,7201.7,,,,,,,0,1
46231718,submitted,1,7201.94,,,,,,,0,1
46231717,submitted,4.1,7202.37,,,,,,,0,1
46231716,submitted,0.25,7202.38,,,,,,,0,1
46231715,submitted,1,7203.63,,,,,,,0,1
46231714,submitted,0.3,7205.28,,,,,,,0,1
46231713,submitted,1,7205.43,,,,,,,0,1
46231712,submitted,2.5,7206.58,,,,,,,0,1
46231711,submitted,0.835,7207.04,,,,,,,0,1
46231710,submitted,1,7207.15,,,,,,,0,1
46231709,submitted,1.01798,7209.24,,,,,,,0,1
46231708,submitted,4.3,7209.27,,,,,,,0,1
46231707,submitted,0.3,7209.55,,,,,,,0,1
46231706,submitted,0.9727,7213.41,,,,,,,0,1
46231705,submitted,9.4348385,7219,,,,,,,0,1
46231704,submitted,0.45745665,7219.01,,,,,,,0,1
46252720,submitted,0.00071624,7105.38,,,,,,,0,1
46252719,submitted,0.000075,7107.5,,,,,,,0,1
46252718,submitted,0.00070345,7107.78,,,,,,,0,1